{"accuracy": [0.25432953238487244, 0.4067293405532837, 0.47649678587913513, 0.5333992838859558, 0.5566551089286804, 0.5997031331062317, 0.6595744490623474, 0.7095497250556946, 0.7402276396751404, 0.7758535146713257], "loss": [1.7461143732070923, 1.4543657302856445, 1.311004877090454, 1.2185564041137695, 1.1698249578475952, 1.0311274528503418, 0.8923959136009216, 0.7674920558929443, 0.704125165939331, 0.6358568072319031], "val_accuracy": [0.343873530626297, 0.49802371859550476, 0.5138339996337891, 0.39920949935913086, 0.5810276865959167, 0.6640316247940063, 0.6403161883354187, 0.6363636255264282, 0.6837944388389587, 0.6719367504119873], "val_loss": [1.458133578300476, 1.323740839958191, 1.2375218868255615, 1.5713577270507812, 1.0926710367202759, 0.9893814325332642, 0.9798575043678284, 1.001293659210205, 1.0297770500183105, 1.0312074422836304]}