{"accuracy": [0.41909945011138916, 0.5368629097938538, 0.579910933971405, 0.6348342299461365, 0.6511628031730652, 0.7140029668807983, 0.7135081887245178, 0.7204354405403137, 0.772884726524353, 0.8065314292907715, 0.807026207447052, 0.8213755488395691, 0.8480949997901917, 0.8565067052841187, 0.8718456029891968, 0.8634339570999146], "loss": [3.1748476028442383, 1.4801865816116333, 1.2340617179870605, 1.0470815896987915, 0.9726355075836182, 0.8209670782089233, 0.779742419719696, 0.7685977816581726, 0.6212223768234253, 0.5434346795082092, 0.5642450451850891, 0.49545347690582275, 0.4173664450645447, 0.39359337091445923, 0.36282920837402344, 0.4187549650669098], "val_accuracy": [0.06324110925197601, 0.0830039530992508, 0.2806324064731598, 0.2292490154504776, 0.25691699981689453, 0.41897234320640564, 0.4545454680919647, 0.48221343755722046, 0.6403161883354187, 0.41897234320640564, 0.5770751237869263, 0.6837944388389587, 0.6284584999084473, 0.5454545617103577, 0.687747061252594, 0.5098814368247986], "val_loss": [8.80701732635498, 4.131732940673828, 2.185682773590088, 2.9677584171295166, 2.051295757293701, 1.843761682510376, 2.0975148677825928, 1.8808916807174683, 1.0619547367095947, 3.2231667041778564, 2.38708233833313, 1.221707820892334, 1.3718318939208984, 3.206125020980835, 1.2297881841659546, 1.968975305557251]}