{"accuracy": [0.4280059337615967, 0.5536863207817078, 0.5927758812904358, 0.6491835713386536, 0.6927263736724854, 0.6897575259208679, 0.728847086429596, 0.7615042328834534, 0.7753587365150452, 0.7971301078796387, 0.8090054392814636, 0.81048983335495, 0.8218703866004944, 0.8515586256980896, 0.8797624707221985], "loss": [3.109445571899414, 1.463720679283142, 1.2085657119750977, 1.0099132061004639, 0.8886851072311401, 0.8912893533706665, 0.778623104095459, 0.6839497089385986, 0.609834611415863, 0.5783482193946838, 0.5575440526008606, 0.4880194664001465, 0.4866512715816498, 0.42971354722976685, 0.33115047216415405], "val_accuracy": [0.19367589056491852, 0.22529643774032593, 0.26877471804618835, 0.2292490154504776, 0.2964426875114441, 0.25691699981689453, 0.5494071245193481, 0.5335968136787415, 0.5494071245193481, 0.5770751237869263, 0.4150197505950928, 0.6600790619850159, 0.48616600036621094, 0.5177865624427795, 0.4940711557865143], "val_loss": [8.01417064666748, 6.985520839691162, 3.6950881481170654, 2.5394272804260254, 2.061542272567749, 3.7540080547332764, 1.3827539682388306, 1.1808183193206787, 2.3193511962890625, 1.2543600797653198, 3.44858717918396, 1.4369637966156006, 3.3071017265319824, 3.787155866622925, 3.59542179107666]}