{"accuracy": [0.28698664903640747, 0.405244916677475, 0.4675903022289276, 0.5091539025306702, 0.5551707148551941, 0.6155368685722351, 0.6452251076698303, 0.6976743936538696, 0.7664522528648376, 0.8015833497047424], "loss": [1.8164170980453491, 1.4638417959213257, 1.3198306560516357, 1.2371057271957397, 1.1196569204330444, 0.9848516583442688, 0.9269599318504333, 0.8109601736068726, 0.6714687943458557, 0.5650258660316467], "val_accuracy": [0.3083004057407379, 0.3913043439388275, 0.5138339996337891, 0.529644250869751, 0.5573122501373291, 0.6284584999084473, 0.5928853750228882, 0.6126482486724854, 0.6442687511444092, 0.6126482486724854], "val_loss": [1.6236716508865356, 1.355359673500061, 1.1971303224563599, 1.2096925973892212, 1.0694540739059448, 1.0159004926681519, 1.0503952503204346, 1.019785761833191, 1.0609055757522583, 1.1354048252105713]}