{"accuracy": [0.43146955966949463, 0.5071746706962585, 0.5843641757965088, 0.6170212626457214, 0.6328549981117249, 0.6848095059394836, 0.7184562087059021, 0.7422068119049072, 0.7699158787727356, 0.797624945640564, 0.8337456583976746, 0.828302800655365, 0.8357248902320862, 0.8654131889343262, 0.8767936825752258, 0.8871845602989197, 0.9000495076179504], "loss": [2.761845827102661, 1.4743236303329468, 1.200637936592102, 1.04777193069458, 1.0424474477767944, 0.8497107625007629, 0.7453380227088928, 0.7053738832473755, 0.5987566113471985, 0.5244653224945068, 0.48980605602264404, 0.45742809772491455, 0.4742980897426605, 0.3857842981815338, 0.3286973536014557, 0.3210430145263672, 0.29890164732933044], "val_accuracy": [0.20553359389305115, 0.15019762516021729, 0.3122529685497284, 0.40316206216812134, 0.3280632495880127, 0.49802371859550476, 0.4387351870536804, 0.48221343755722046, 0.5652173757553101, 0.6442687511444092, 0.6679841876029968, 0.5177865624427795, 0.6482213735580444, 0.4308300316333771, 0.5968379378318787, 0.4426877498626709, 0.41897234320640564], "val_loss": [9.391563415527344, 6.323831081390381, 1.9549263715744019, 2.1371870040893555, 2.2598745822906494, 1.5333918333053589, 1.6863882541656494, 1.6573368310928345, 1.514164924621582, 1.03773832321167, 1.4018083810806274, 3.781672954559326, 1.3222225904464722, 3.729606866836548, 2.3988542556762695, 2.140389919281006, 2.167968988418579]}