{"accuracy": [0.8931221961975098, 0.9163780212402344, 0.9262741208076477, 0.9292429685592651, 0.9322117567062378, 0.9416130781173706, 0.9564571976661682, 0.9549728035926819], "loss": [0.285970538854599, 0.2534557580947876, 0.21426178514957428, 0.20648342370986938, 0.2013128101825714, 0.17597433924674988, 0.14047685265541077, 0.14320029318332672], "val_accuracy": [0.6600790619850159, 0.6679841876029968, 0.6679841876029968, 0.687747061252594, 0.6798418760299683, 0.6758893132209778, 0.687747061252594, 0.6996047496795654], "val_loss": [1.277730941772461, 1.2740628719329834, 1.24259614944458, 1.3332432508468628, 1.2763334512710571, 1.2975687980651855, 1.4180290699005127, 1.460615873336792]}